<application>
  <component name="ActionMacroManager">
    <macro name="&lt;noname&gt;">
      <typing text-keycode="72:0;73:0;52:1">hi$</typing>
      <shortuct text="control OPEN_BRACKET" />
      <typing text-keycode="76:0;76:0;67:0;84:0;47:0;91:1;66:1;65:0;83:0;69:0;85:1;82:0;76:0">llct/{BaseUrl</typing>
      <shortuct text="control OPEN_BRACKET" />
      <typing text-keycode="32:0;83:0;70:0">&amp;#x20;sf</typing>
      <action id="GotoFile" />
      <shortuct text="ESCAPE" />
      <typing text-keycode="32:0;83:0;65:0">&amp;#x20;sa</typing>
      <action id="GotoAction" />
      <shortuct text="ENTER" />
    </macro>
  </component>
</application>