<keymap version="1" name="IntelliJ copy" parent="$default">
  <action id="Back">
    <keyboard-shortcut first-keystroke="ctrl o" />
    <mouse-shortcut keystroke="button4" />
  </action>
  <action id="FileChooser.TogglePathBar" />
  <action id="Forward">
    <mouse-shortcut keystroke="button5" />
    <keyboard-shortcut first-keystroke="ctrl i" />
  </action>
  <action id="Generate.Missing.Members.ES6" />
  <action id="Generate.Missing.Members.TypeScript" />
  <action id="ImplementMethods" />
  <action id="OverrideMethods" />
  <action id="ParameterInfo" />
  <action id="RiderNuGetToggleInfoExpanderAction" />
  <action id="SearchEverywhere">
    <keyboard-shortcut first-keystroke="ctrl p" />
  </action>
  <action id="UsageFiltering.Imports" />
  <action id="org.intellij.plugins.markdown.ui.actions.styling.ToggleItalicAction" />
</keymap>