<keymap version="1" name="VSCode (macOS) copy" parent="VSCode OSX">
  <action id="Back">
    <keyboard-shortcut first-keystroke="ctrl minus" />
    <mouse-shortcut keystroke="button4" />
    <keyboard-shortcut first-keystroke="ctrl o" />
  </action>
  <action id="CommentByLineComment">
    <keyboard-shortcut first-keystroke="meta k" second-keystroke="meta c" />
    <keyboard-shortcut first-keystroke="meta k" second-keystroke="meta u" />
    <keyboard-shortcut first-keystroke="meta slash" />
    <keyboard-shortcut first-keystroke="ctrl slash" />
  </action>
  <action id="Console.SplitLine" />
  <action id="EditorSplitLine" />
  <action id="Forward">
    <keyboard-shortcut first-keystroke="shift ctrl minus" />
    <keyboard-shortcut first-keystroke="ctrl i" />
  </action>
  <action id="Generate.Missing.Members.ES6" />
  <action id="Generate.Missing.Members.TypeScript" />
  <action id="GotoPreviousBookmark">
    <keyboard-shortcut first-keystroke="ctrl p" />
  </action>
  <action id="ImplementMethods" />
  <action id="NavBar-selectUp">
    <keyboard-shortcut first-keystroke="up" />
  </action>
  <action id="ReformatCode">
    <keyboard-shortcut first-keystroke="shift alt f" />
    <keyboard-shortcut first-keystroke="shift ctrl f" />
  </action>
  <action id="SearchEverywhere">
    <keyboard-shortcut first-keystroke="shift meta alt p" />
  </action>
  <action id="ServiceView.GroupByServiceGroups" />
  <action id="UsageFiltering.Imports" />
  <action id="UsageGrouping.Directory" />
  <action id="UsageGrouping.FlattenModules" />
  <action id="copilot.disposeInlays" />
</keymap>